PubmedID,Title,Publication Date,Authors,Corresponding Author Email,Non-academic Author(s),Company Affiliation(s)
39516396,Direct administration of human leucocyte antigen (dHLA) molecules into tumour sites: proposal for a new immunotherapy for cancer.,2023 Oct 23,"['Georgopoulos AP', 'James LM']","['The HLA Research Group, Brain Sciences Center, Department of Veterans Affairs Health Care System, Minneapolis, MN, 55417, USA. omega@umn.edu.', 'Department of Neuroscience, University of Minnesota Medical School, Minneapolis, MN, 55455, USA. omega@umn.edu.', 'The HLA Research Group, Brain Sciences Center, Department of Veterans Affairs Health Care System, Minneapolis, MN, 55417, USA.', 'Department of Neuroscience, University of Minnesota Medical School, Minneapolis, MN, 55455, USA.']",Georgopoulos AP; James LM,
39253578,Protein ubiquitination in ovarian cancer immunotherapy: The progress and therapeutic strategy.,2024 Nov,"['Guo H', 'Wei J', 'Zhang Y', 'Wang L', 'Wan J', 'Wang W', 'Gao L', 'Li J', 'Sun T', 'Ma L']","['Department of Clinical Laboratory, The First Affiliated Hospital of Zhengzhou University, Zhengzhou, Henan 450052, China.', 'Key Clinical Laboratory of Henan Province, Zhengzhou, Henan 450052, China.', 'Department of Neurosurgery, The First Affiliated Hospital of Zhengzhou University, Zhengzhou, Henan 450052, China.', 'Department of Neurosurgery, The First Affiliated Hospital of Zhengzhou University, Zhengzhou, Henan 450052, China.', 'Department of Pathology, The First Affiliated Hospital of Zhengzhou University, Zhengzhou, Henan 450052, China.', 'Department of Clinical Laboratory, The First Affiliated Hospital of Zhengzhou University, Zhengzhou, Henan 450052, China.', 'Key Clinical Laboratory of Henan Province, Zhengzhou, Henan 450052, China.', 'Department of Pathology, The First Affiliated Hospital of Zhengzhou University, Zhengzhou, Henan 450052, China.', 'Department of Gynecologic Oncology, The Affiliated Cancer Hospital of Zhengzhou University & Henan Cancer Hospital, Zhengzhou, Henan 450052, China.', 'Department of Pathology, The First Affiliated Hospital of Zhengzhou University, Zhengzhou, Henan 450052, China.', 'Department of Clinical Laboratory, The First Affiliated Hospital of Zhengzhou University, Zhengzhou, Henan 450052, China.', 'Key Clinical Laboratory of Henan Province, Zhengzhou, Henan 450052, China.', 'Department of Clinical Laboratory, The First Affiliated Hospital of Zhengzhou University, Zhengzhou, Henan 450052, China.', 'Key Clinical Laboratory of Henan Province, Zhengzhou, Henan 450052, China.']",Guo H; Wei J; Zhang Y; Wang L; Wan J; Wang W; Gao L; Li J; Sun T; Ma L,
39167629,Deciphering the role of CD47 in cancer immunotherapy.,2024 Sep,"['Liu Y', 'Weng L', 'Wang Y', 'Zhang J', 'Wu Q', 'Zhao P', 'Shi Y', 'Wang P', 'Fang L']","[""Tongji University Cancer Center, Shanghai Tenth People's Hospital of Tongji University, School of Medicine, Tongji University, Shanghai 200092, China."", ""Tongji University Cancer Center, Shanghai Tenth People's Hospital of Tongji University, School of Medicine, Tongji University, Shanghai 200092, China."", 'Department of Nephrology, Shanghai East Hospital, Tongji University, School of Medicine, Shanghai, China.', 'Department of Pharmacology and Toxicology, University of Mississippi, Medical Center, 39216 Jackson, MS, USA.', ""Tongji University Cancer Center, Shanghai Tenth People's Hospital of Tongji University, School of Medicine, Tongji University, Shanghai 200092, China."", 'School of Life Sciences and Medicine, Shandong University of Technology, No.266 Xincun West Road, Zibo 255000, Shandong Province, China.', ""Tongji University Cancer Center, Shanghai Tenth People's Hospital of Tongji University, School of Medicine, Tongji University, Shanghai 200092, China; Clinical Center for Brain and Spinal Cord Research, Tongji University, Shanghai 200092, China. Electronic address: yshi@tongji.edu.cn."", ""Tongji University Cancer Center, Shanghai Tenth People's Hospital of Tongji University, School of Medicine, Tongji University, Shanghai 200092, China. Electronic address: wangp@tongji.edu.cn."", ""Tongji University Cancer Center, Shanghai Tenth People's Hospital of Tongji University, School of Medicine, Tongji University, Shanghai 200092, China. Electronic address: lanfang@tongji.edu.cn.""]",Liu Y; Weng L; Wang Y; Zhang J; Wu Q; Zhao P; Shi Y; Wang P; Fang L,
38864086,Current Understanding of PCSK9 and Its Relevance to Cancer Prognosis and Immune Therapy: A Review.,2024 Winter,"['Hassandokht Mashhadi M', 'Taheri F', 'Irani S', 'Mesbah Mousavi A', 'Mehri A', 'Javid H']","['Department of Medical Laboratory Sciences, Varastegan Institute for Medical Sciences, Mashhad, Iran.', 'Department of Medical Laboratory Sciences, Varastegan Institute for Medical Sciences, Mashhad, Iran.', 'Department of Medical Laboratory Sciences, Varastegan Institute for Medical Sciences, Mashhad, Iran.', 'Department of Medical Laboratory Sciences, Varastegan Institute for Medical Sciences, Mashhad, Iran.', 'Endoscopic and Minimally Invasive Surgery Research Center, Ghaem Hospital, Mashhad University of Medical Sciences, Mashhad, Iran.', 'Department of Medical Laboratory Sciences, Varastegan Institute for Medical Sciences, Mashhad, Iran.', 'Department of Clinical Biochemistry, Faculty of Medicine, Mashhad University of \u200e Medical Sciences, Mashhad, Iran.']",Hassandokht Mashhadi M; Taheri F; Irani S; Mesbah Mousavi A; Mehri A; Javid H,
38855617,From structural design to delivery: mRNA therapeutics for cancer immunotherapy.,2024 Apr,"['Zhou F', 'Huang L', 'Li S', 'Yang W', 'Chen F', 'Cai Z', 'Liu X', 'Xu W', 'Lehto VP', 'Lachelt U', 'Huang R', 'Shi Y', 'Lammers T', 'Tao W', 'Xu ZP', 'Wagner E', 'Xu Z', 'Yu H']","['State Key Laboratory of Chemical Biology and Center of Pharmaceutics, Shanghai Institute of Materia Medica Chinese Academy of Sciences Shanghai China.', 'University of Chinese Academy of Sciences Beijing China.', 'State Key Laboratory of Chemical Biology and Center of Pharmaceutics, Shanghai Institute of Materia Medica Chinese Academy of Sciences Shanghai China.', 'University of Chinese Academy of Sciences Beijing China.', 'State Key Laboratory of Chemical Biology and Center of Pharmaceutics, Shanghai Institute of Materia Medica Chinese Academy of Sciences Shanghai China.', 'State Key Laboratory of Chemical Biology and Center of Pharmaceutics, Shanghai Institute of Materia Medica Chinese Academy of Sciences Shanghai China.', 'State Key Laboratory of Chemical Biology and Center of Pharmaceutics, Shanghai Institute of Materia Medica Chinese Academy of Sciences Shanghai China.', 'University of Chinese Academy of Sciences Beijing China.', 'The United Innovation of Mengchao Hepatobiliary Technology Key Laboratory of Fujian Province Mengchao Hepatobiliary Hospital of Fujian Medical University Fuzhou China.', 'The United Innovation of Mengchao Hepatobiliary Technology Key Laboratory of Fujian Province Mengchao Hepatobiliary Hospital of Fujian Medical University Fuzhou China.', 'Department of Applied Physics University of Eastern Finland Kuopio Finland.', 'Department of Applied Physics University of Eastern Finland Kuopio Finland.', 'Department of Pharmaceutical Sciences University of Vienna Vienna Austria.', 'Department of Pharmaceutics, School of Pharmacy, Key Laboratory of Smart Drug Delivery Ministry of Education, Fudan University Shanghai China.', 'Department of Nanomedicine and Theranostics, Institute for Experimental Molecular Imaging RWTH Aachen University Clinic Aachen Germany.', 'Department of Nanomedicine and Theranostics, Institute for Experimental Molecular Imaging RWTH Aachen University Clinic Aachen Germany.', ""Center for Nanomedicine and Department of Anaesthesiology, Brigham and Women's Hospital Harvard Medical School Boston Massachusetts USA."", 'Institute of Biomedical Health Technology and Engineering and Institute of Systems and Physical Biology Shenzhen Bay Laboratory Shenzhen China.', 'Pharmaceutical Biotechnology, Center for Nanoscience Ludwig-Maximilians-Universitat Munich Germany.', 'School of Chemistry and Molecular Engineering East China Normal University Shanghai China.', 'State Key Laboratory of Chemical Biology and Center of Pharmaceutics, Shanghai Institute of Materia Medica Chinese Academy of Sciences Shanghai China.', 'University of Chinese Academy of Sciences Beijing China.']",Zhou F; Huang L; Li S; Yang W; Chen F; Cai Z; Liu X; Xu W; Lehto VP; Lachelt U; Huang R; Shi Y; Lammers T; Tao W; Xu ZP; Wagner E; Xu Z; Yu H,
38751671,Narrative review on advancing breast cancer treatment: harnessing the power of PD-1/PD-L1 inhibitors for improved patient outcomes.,2024,"['Zhang F', 'Wang SS']","['Department of Medical Oncology, The Fifth Medical Center of Chinese PLA General Hospital, Beijing, China.', 'Department of Medical Oncology, Sun Yat-sen University Cancer Center, Guangzhou, China.']",Zhang F; Wang SS,
38665224,Targeting the chromatin structural changes of antitumor immunity.,2024 Apr,"['Li NN', 'Lun DX', 'Gong N', 'Meng G', 'Du XY', 'Wang H', 'Bao X', 'Li XY', 'Song JW', 'Hu K', 'Li L', 'Li SY', 'Liu W', 'Zhu W', 'Zhang Y', 'Li J', 'Yao T', 'Mou L', 'Han X', 'Hao F', 'Hu Y', 'Liu L', 'Zhu H', 'Wu Y', 'Liu B']","[""Weifang People's Hospital, Weifang, Shandong, 261000, China."", 'School of Life Sciences, Nankai University, Tianjin, 300071, China.', ""Weifang People's Hospital, Weifang, Shandong, 261000, China."", 'Weifang Traditional Chinese Medicine Hospital, Weifang, Shandong, 261000, China.', 'Shaanxi Key Laboratory of Sericulture, Ankang University, Ankang, Shaanxi, 725000, China.', ""Weifang People's Hospital, Weifang, Shandong, 261000, China."", ""Weifang People's Hospital, Weifang, Shandong, 261000, China."", ""Weifang People's Hospital, Weifang, Shandong, 261000, China."", 'Guizhou Education University, Guiyang, 550018, China.', ""Weifang People's Hospital, Weifang, Shandong, 261000, China."", 'Weifang Traditional Chinese Medicine Hospital, Weifang, Shandong, 261000, China.', 'Guizhou Normal University, Guiyang, 550025, China.', ""Weifang People's Hospital, Weifang, Shandong, 261000, China."", ""Weifang People's Hospital, Weifang, Shandong, 261000, China."", ""Weifang People's Hospital, Weifang, Shandong, 261000, China."", 'School of Medical Imaging, Weifang Medical University, Weifang, Shandong, 261053, China.', 'Department of Bone and Soft Tissue Oncology, Tianjin Hospital, Tianjin, 300299, China.', 'School of Life Sciences, Nankai University, Tianjin, 300071, China.', 'Teda Institute of Biological Sciences & Biotechnology, Nankai University, Tianjin, 300457, China.', ""Weifang People's Hospital, Weifang, Shandong, 261000, China."", ""Weifang People's Hospital, Weifang, Shandong, 261000, China."", ""Weifang People's Hospital, Weifang, Shandong, 261000, China."", ""Weifang People's Hospital, Weifang, Shandong, 261000, China."", 'School of Life Sciences, Nankai University, Tianjin, 300071, China.', ""Weifang People's Hospital, Weifang, Shandong, 261000, China."", 'Xinqiao Hospital of Army Military Medical University, Chongqing, 400038, China.', ""Weifang People's Hospital, Weifang, Shandong, 261000, China."", 'School of Life Sciences, Nankai University, Tianjin, 300071, China.', 'Teda Institute of Biological Sciences & Biotechnology, Nankai University, Tianjin, 300457, China.']",Li NN; Lun DX; Gong N; Meng G; Du XY; Wang H; Bao X; Li XY; Song JW; Hu K; Li L; Li SY; Liu W; Zhu W; Zhang Y; Li J; Yao T; Mou L; Han X; Hao F; Hu Y; Liu L; Zhu H; Wu Y; Liu B,
38655206,Discovery of Anti-CD47 Peptides as Innate Immune Checkpoint Inhibitors.,2023 Dec,"['Mustafa B', 'Fetse J', 'Kandel S', 'Lin CY', 'Adhikary P', 'Mamani UF', 'Liu Y', 'Ibrahim MN', 'Alahmari M', 'Cheng K']","['Division of Pharmacology and Pharmaceutical Sciences, School of Pharmacy, University of Missouri-Kansas City, 2464 Charlotte Street, Kansas City, MO 64108, USA.', 'Division of Pharmacology and Pharmaceutical Sciences, School of Pharmacy, University of Missouri-Kansas City, 2464 Charlotte Street, Kansas City, MO 64108, USA.', 'Division of Pharmacology and Pharmaceutical Sciences, School of Pharmacy, University of Missouri-Kansas City, 2464 Charlotte Street, Kansas City, MO 64108, USA.', 'Division of Pharmacology and Pharmaceutical Sciences, School of Pharmacy, University of Missouri-Kansas City, 2464 Charlotte Street, Kansas City, MO 64108, USA.', 'Division of Pharmacology and Pharmaceutical Sciences, School of Pharmacy, University of Missouri-Kansas City, 2464 Charlotte Street, Kansas City, MO 64108, USA.', 'Division of Pharmacology and Pharmaceutical Sciences, School of Pharmacy, University of Missouri-Kansas City, 2464 Charlotte Street, Kansas City, MO 64108, USA.', 'Division of Pharmacology and Pharmaceutical Sciences, School of Pharmacy, University of Missouri-Kansas City, 2464 Charlotte Street, Kansas City, MO 64108, USA.', 'Division of Pharmacology and Pharmaceutical Sciences, School of Pharmacy, University of Missouri-Kansas City, 2464 Charlotte Street, Kansas City, MO 64108, USA.', 'Division of Pharmacology and Pharmaceutical Sciences, School of Pharmacy, University of Missouri-Kansas City, 2464 Charlotte Street, Kansas City, MO 64108, USA.', 'Division of Pharmacology and Pharmaceutical Sciences, School of Pharmacy, University of Missouri-Kansas City, 2464 Charlotte Street, Kansas City, MO 64108, USA.']",Mustafa B; Fetse J; Kandel S; Lin CY; Adhikary P; Mamani UF; Liu Y; Ibrahim MN; Alahmari M; Cheng K,
38572106,Nano-formulated delivery of active ingredients from traditional Chinese herbal medicines for cancer immunotherapy.,2024 Apr,"['Shang Q', 'Liu W', 'Leslie F', 'Yang J', 'Guo M', 'Sun M', 'Zhang G', 'Zhang Q', 'Wang F']","['School of Biomedical Engineering, Shanghai Jiao Tong University, Shanghai 200240, China.', 'School of Basic Medical Sciences, Zhejiang Chinese Medical University, Hangzhou 310053, China.', 'Key Laboratory of Blood-stasis-toxin Syndrome of Zhejiang Province, Hangzhou 310053, China.', 'Department of Chemical and Biomolecular Engineering, Whiting School of Engineering, the Johns Hopkins University, Baltimore, MD 21218, USA.', 'School of Biomedical Engineering, Shanghai Jiao Tong University, Shanghai 200240, China.', 'School of Biomedical Engineering, Shanghai Jiao Tong University, Shanghai 200240, China.', 'Department of Chemical and Biomolecular Engineering, Whiting School of Engineering, the Johns Hopkins University, Baltimore, MD 21218, USA.', 'School of Basic Medical Sciences, Zhejiang Chinese Medical University, Hangzhou 310053, China.', 'Key Laboratory of Blood-stasis-toxin Syndrome of Zhejiang Province, Hangzhou 310053, China.', 'Traditional Chinese Medicine ""Preventing Disease"" Wisdom Health Project Research Center of Zhejiang, Hangzhou 310053, China.', 'Beijing Key Laboratory of Molecular Pharmaceutics and New Drug Delivery Systems, State Key Laboratory of Natural and Biomimetic Drugs, School of Pharmaceutical Sciences, Peking University, Beijing 100191, China.', 'School of Biomedical Engineering, Shanghai Jiao Tong University, Shanghai 200240, China.']",Shang Q; Liu W; Leslie F; Yang J; Guo M; Sun M; Zhang G; Zhang Q; Wang F,
38548417,Fully closed and automated enrichment of primary blood dendritic cells for cancer immunotherapy.,2024,"['Schreibelt G', 'Duiveman-de Boer T', 'Pots JM', 'van Oorschot TGM', 'de Boer AJ', 'Scharenborg NM', 'van de Rakt MWMM', 'Bos K', 'de Goede AL', 'Petry K', 'Bruning M', 'Angerer C', 'Schoggl C', 'Dzionek A', 'de Vries IJM']","['Department of Medical BioSciences, Radboudumc, Nijmegen, The Netherlands. Electronic address: gerty.schreibelt@radboudumc.nl.', 'Department of Medical BioSciences, Radboudumc, Nijmegen, The Netherlands.', 'Department of Medical BioSciences, Radboudumc, Nijmegen, The Netherlands.', 'Department of Medical BioSciences, Radboudumc, Nijmegen, The Netherlands.', 'Department of Medical BioSciences, Radboudumc, Nijmegen, The Netherlands.', 'Department of Medical BioSciences, Radboudumc, Nijmegen, The Netherlands.', 'Department of Medical BioSciences, Radboudumc, Nijmegen, The Netherlands.', 'Department of Medical BioSciences, Radboudumc, Nijmegen, The Netherlands.', 'Department of Pharmacy, Radboudumc, Nijmegen, The Netherlands.', 'Miltenyi Biomedicine GmbH, Bergisch Gladbach, Germany.', 'Miltenyi Biotec B.V. & Co. KG, Bergisch Gladbach, Germany.', 'Miltenyi Biotec B.V. & Co. KG, Bergisch Gladbach, Germany.', 'Miltenyi Biotec B.V. & Co. KG, Bergisch Gladbach, Germany.', 'Miltenyi Biotec B.V. & Co. KG, Bergisch Gladbach, Germany.', 'Department of Medical BioSciences, Radboudumc, Nijmegen, The Netherlands; Department of Medical Oncology, Radboudumc, Nijmegen, The Netherlands.']",Schreibelt G; Duiveman-de Boer T; Pots JM; van Oorschot TGM; de Boer AJ; Scharenborg NM; van de Rakt MWMM; Bos K; de Goede AL; Petry K; Bruning M; Angerer C; Schoggl C; Dzionek A; de Vries IJM,
38548414,Neoantigen identification: Technological advances and challenges.,2024,"['Pu T', 'Peddle A', 'Zhu J', 'Tejpar S', 'Verbandt S']","['Digestive Oncology Unit, KULeuven, Leuven, Belgium.', 'Digestive Oncology Unit, KULeuven, Leuven, Belgium.', 'de Duve Institute, Universite catholique de Louvain, Brussels, Belgium.', 'Digestive Oncology Unit, KULeuven, Leuven, Belgium.', 'Digestive Oncology Unit, KULeuven, Leuven, Belgium. Electronic address: sara.verbandt@kuleuven.be.']",Pu T; Peddle A; Zhu J; Tejpar S; Verbandt S,
38548413,Gold standard assessment of immunogenic cell death induced by photodynamic therapy: From in vitro to tumor mouse models and anti-cancer vaccination strategies.,2024,"['Mishchenko TA', 'Balalaeva IV', 'Turubanova VD', 'Saviuk MO', 'Shilyagina NY', 'Krysko O', 'Vedunova MV', 'Krysko DV']","['Institute of Biology and Biomedicine, National Research Lobachevsky State University of Nizhny Novgorod, Nizhny Novgorod, Russian Federation.', 'Institute of Biology and Biomedicine, National Research Lobachevsky State University of Nizhny Novgorod, Nizhny Novgorod, Russian Federation.', 'Institute of Biology and Biomedicine, National Research Lobachevsky State University of Nizhny Novgorod, Nizhny Novgorod, Russian Federation; Institute of Neurosciences, National Research Lobachevsky State University of Nizhny Novgorod, Nizhny Novgorod, Russian Federation.', 'Institute of Neurosciences, National Research Lobachevsky State University of Nizhny Novgorod, Nizhny Novgorod, Russian Federation; Cell Death Investigation and Therapy Laboratory, Department of Human Structure and Repair, Faculty of Medicine and Health Sciences, Ghent University, Ghent, Belgium; Cancer Research Institute Ghent, Ghent, Belgium.', 'Institute of Biology and Biomedicine, National Research Lobachevsky State University of Nizhny Novgorod, Nizhny Novgorod, Russian Federation.', 'Cell Death Investigation and Therapy Laboratory, Department of Human Structure and Repair, Faculty of Medicine and Health Sciences, Ghent University, Ghent, Belgium.', 'Institute of Biology and Biomedicine, National Research Lobachevsky State University of Nizhny Novgorod, Nizhny Novgorod, Russian Federation.', 'Cell Death Investigation and Therapy Laboratory, Department of Human Structure and Repair, Faculty of Medicine and Health Sciences, Ghent University, Ghent, Belgium; Cancer Research Institute Ghent, Ghent, Belgium. Electronic address: dmitri.krysko@ugent.be.']",Mishchenko TA; Balalaeva IV; Turubanova VD; Saviuk MO; Shilyagina NY; Krysko O; Vedunova MV; Krysko DV,
38548412,Methods for generating the CD137L-DC-EBV-VAX anti-cancer vaccine.,2024,"['Nickles E', 'Xia R', 'Sun R', 'Schwarz H']","['Department of Physiology, Yong Loo Lin School of Medicine, National University of Singapore, Singapore, Singapore; Immunology Programme, Life Sciences Institute, National University of Singapore, Singapore, Singapore; Immunology Translational Research Programme, Yong Loo Lin School of Medicine, National University of Singapore, Singapore, Singapore.', 'Department of Physiology, Yong Loo Lin School of Medicine, National University of Singapore, Singapore, Singapore; Immunology Programme, Life Sciences Institute, National University of Singapore, Singapore, Singapore; Immunology Translational Research Programme, Yong Loo Lin School of Medicine, National University of Singapore, Singapore, Singapore; Integrative Sciences and Engineering Programme, NUS Graduate School, National University of Singapore, Singapore, Singapore.', 'Department of Physiology, Yong Loo Lin School of Medicine, National University of Singapore, Singapore, Singapore; Immunology Programme, Life Sciences Institute, National University of Singapore, Singapore, Singapore; Immunology Translational Research Programme, Yong Loo Lin School of Medicine, National University of Singapore, Singapore, Singapore; Integrative Sciences and Engineering Programme, NUS Graduate School, National University of Singapore, Singapore, Singapore.', 'Department of Physiology, Yong Loo Lin School of Medicine, National University of Singapore, Singapore, Singapore; Immunology Programme, Life Sciences Institute, National University of Singapore, Singapore, Singapore; Immunology Translational Research Programme, Yong Loo Lin School of Medicine, National University of Singapore, Singapore, Singapore; Integrative Sciences and Engineering Programme, NUS Graduate School, National University of Singapore, Singapore, Singapore. Electronic address: phssh@nus.edu.sg.']",Nickles E; Xia R; Sun R; Schwarz H,
38548411,Methods behind neoantigen prediction for personalized anticancer vaccines.,2024,"['Godazandeh K', 'Van Olmen L', 'Van Oudenhove L', 'Lefever S', 'Bogaert C', 'Fant B']","['myNEO, Ghent, Belgium.', 'myNEO, Ghent, Belgium.', 'myNEO, Ghent, Belgium.', 'myNEO, Ghent, Belgium.', 'myNEO, Ghent, Belgium.', 'myNEO, Ghent, Belgium. Electronic address: bruno@myneo.me.']",Godazandeh K; Van Olmen L; Van Oudenhove L; Lefever S; Bogaert C; Fant B,
38548409,Identification of TCR repertoire patterns linked with anti-cancer immunotherapy.,2024,"['Vandoren R', 'Gielis S', 'Laukens K', 'Meysman P']","['Adrem Data Lab, Department of Computer Science, University of Antwerp, Antwerp, Belgium; Antwerp Unit for Data Analysis and Computation in Immunology and Sequencing (AUDACIS), University of Antwerp, Antwerp, Belgium.', 'Adrem Data Lab, Department of Computer Science, University of Antwerp, Antwerp, Belgium; Antwerp Unit for Data Analysis and Computation in Immunology and Sequencing (AUDACIS), University of Antwerp, Antwerp, Belgium.', 'Adrem Data Lab, Department of Computer Science, University of Antwerp, Antwerp, Belgium; Antwerp Unit for Data Analysis and Computation in Immunology and Sequencing (AUDACIS), University of Antwerp, Antwerp, Belgium.', 'Adrem Data Lab, Department of Computer Science, University of Antwerp, Antwerp, Belgium; Antwerp Unit for Data Analysis and Computation in Immunology and Sequencing (AUDACIS), University of Antwerp, Antwerp, Belgium. Electronic address: pieter.meysman@uantwerpen.be.']",Vandoren R; Gielis S; Laukens K; Meysman P,
38545126,"CRISPR, CAR-T, and NK: Current applications and future perspectives.",2024 Jul,"['Khoshandam M', 'Soltaninejad H', 'Hamidieh AA', 'Hosseinkhani S']","['Department of Reproductive Biology, Academic Center for Education, Culture, and Research (ACECR), Qom branch 3716986466, Iran.', 'National Institute of Genetic Engineering and Biotechnology (NIGEB), Tehran 14965/161, Iran.', 'Department of stem cells technology and Tissue Regeneration, Faculty of Interdisciplinary Science and Technologies, Tarbiat Modares University, Tehran 15614, Iran.', 'Pediatric Cell Therapy and Gene Therapy Research Center, Gene, Cell & Tissue Research Institute, Tehran University of Medical Sciences, Tehran 1417935840, Iran.', 'Pediatric Cell Therapy and Gene Therapy Research Center, Gene, Cell & Tissue Research Institute, Tehran University of Medical Sciences, Tehran 1417935840, Iran.', 'Department of Biochemistry, Faculty of Biological Sciences, Tarbiat Modares University, Tehran 15614, Iran.']",Khoshandam M; Soltaninejad H; Hamidieh AA; Hosseinkhani S,
38505675,Introduction of a new recombinant vaccine based on GRP78 for breast cancer immunotherapy and evaluation in a mouse model.,2024,"['Zare H', 'Bakherad H', 'Nasr Esfahani A', 'Norouzi M', 'Aghamollaei H', 'Mousavi Gargari SL', 'Mahmoodi F', 'Aliomrani M', 'Ebrahimizadeh W']","['Recombinant Proteins Department, Breast Cancer Research Center, Motamed Cancer Institute, \u200eACECR, Tehran, Iran.', 'Department of Pharmaceutical Biotechnology, Faculty of Pharmacy and Pharmaceutical Sciences, \u200eIsfahan University of Medical Sciences, Isfahan, Iran.', 'Pharmaceutical Sciences Research Center, Isfahan University of Medical Sciences, Isfahan, Iran.', 'Department of Pharmaceutical Biotechnology, Faculty of Pharmacy and Pharmaceutical Sciences, \u200eIsfahan University of Medical Sciences, Isfahan, Iran.', 'Department of Pharmaceutical Biotechnology, Faculty of Pharmacy and Pharmaceutical Sciences, \u200eIsfahan University of Medical Sciences, Isfahan, Iran.', 'Chemical Injuries Research Center, Systems Biology and Poisonings Institute, Baqiyatallah \u200eUniversity of Medical Sciences, Tehran, Iran.', 'Department of Biology, Faculty of Basic Science, Shahed University, Tehran, I.R. Iran.', 'Department of Biology, College of Sciences, Shiraz University, Shiraz, Iran.', 'Department of Pharmacology and Toxicology, Isfahan Pharmaceutical Science Research Center, \u200eFaculty of Pharmacy and Pharmaceutical Sciences, Isfahan University of Medical Sciences, \u200eIsfahan, Iran.', 'Department of Surgery, Division of Urology, McGill University, and the Research Institute of the \u200eMcGill University Health Centre (RI MUHC), Montreal, Quebec, Canada.']",Zare H; Bakherad H; Nasr Esfahani A; Norouzi M; Aghamollaei H; Mousavi Gargari SL; Mahmoodi F; Aliomrani M; Ebrahimizadeh W,
38487005,Photo-induced crosslinked and anti-PD-L1 peptide incorporated liposomes to promote PD-L1 multivalent binding for effective immune checkpoint blockade therapy.,2024 Mar,"['Lee Y', 'Song S', 'Yang S', 'Kim J', 'Moon Y', 'Shim N', 'Yoon HY', 'Kim S', 'Shim MK', 'Kim K']","['KU-KIST Graduate School of Converging Science and Technology, Korea University, Seoul 02841, Republic of Korea.', 'Medicinal Materials Research Center, Biomedical Research Division, Korea Institute of Science and Technology (KIST), Seoul 02792, Republic of Korea.', 'College of Pharmacy, Graduate School of Pharmaceutical Sciences, Ewha Womans University, Seoul 03760, Republic of Korea.', 'KU-KIST Graduate School of Converging Science and Technology, Korea University, Seoul 02841, Republic of Korea.', 'Medicinal Materials Research Center, Biomedical Research Division, Korea Institute of Science and Technology (KIST), Seoul 02792, Republic of Korea.', 'KU-KIST Graduate School of Converging Science and Technology, Korea University, Seoul 02841, Republic of Korea.', 'Medicinal Materials Research Center, Biomedical Research Division, Korea Institute of Science and Technology (KIST), Seoul 02792, Republic of Korea.', 'KU-KIST Graduate School of Converging Science and Technology, Korea University, Seoul 02841, Republic of Korea.', 'Department of Bioengineering, Korea University, Seoul 02841, Republic of Korea.', 'College of Pharmacy, Graduate School of Pharmaceutical Sciences, Ewha Womans University, Seoul 03760, Republic of Korea.', 'Medicinal Materials Research Center, Biomedical Research Division, Korea Institute of Science and Technology (KIST), Seoul 02792, Republic of Korea.', 'KU-KIST Graduate School of Converging Science and Technology, Korea University, Seoul 02841, Republic of Korea.', 'Medicinal Materials Research Center, Biomedical Research Division, Korea Institute of Science and Technology (KIST), Seoul 02792, Republic of Korea.', 'Medicinal Materials Research Center, Biomedical Research Division, Korea Institute of Science and Technology (KIST), Seoul 02792, Republic of Korea.', 'College of Pharmacy, Graduate School of Pharmaceutical Sciences, Ewha Womans University, Seoul 03760, Republic of Korea.']",Lee Y; Song S; Yang S; Kim J; Moon Y; Shim N; Yoon HY; Kim S; Shim MK; Kim K,
38486998,Development of LAG-3/FGL1 blocking peptide and combination with radiotherapy for cancer immunotherapy.,2024 Mar,"['Qian Y', 'Sun Y', 'Shi P', 'Zhou X', 'Zhang Q', 'Dong Q', 'Jin S', 'Qiu L', 'Niu X', 'Zhou X', 'Zhao W', 'Wu Y', 'Zhai W', 'Gao Y']","['School of Life Sciences, Zhengzhou University, Zhengzhou 450001, China.', 'School of Pharmaceutical Sciences (Shenzhen), Shenzhen Campus of Sun Yat-sen University, Shenzhen 518107, China.', 'School of Life Sciences, Zhengzhou University, Zhengzhou 450001, China.', 'School of Pharmaceutical Sciences (Shenzhen), Shenzhen Campus of Sun Yat-sen University, Shenzhen 518107, China.', 'School of Life Sciences, Zhengzhou University, Zhengzhou 450001, China.', 'School of Pharmaceutical Sciences (Shenzhen), Shenzhen Campus of Sun Yat-sen University, Shenzhen 518107, China.', 'School of Life Sciences, Zhengzhou University, Zhengzhou 450001, China.', 'School of Life Sciences, Zhengzhou University, Zhengzhou 450001, China.', 'School of Pharmaceutical Sciences (Shenzhen), Shenzhen Campus of Sun Yat-sen University, Shenzhen 518107, China.', 'School of Pharmaceutical Sciences (Shenzhen), Shenzhen Campus of Sun Yat-sen University, Shenzhen 518107, China.', 'School of Life Sciences, Zhengzhou University, Zhengzhou 450001, China.', 'School of Life Sciences, Zhengzhou University, Zhengzhou 450001, China.', 'School of Life Sciences, Zhengzhou University, Zhengzhou 450001, China.', 'International Joint Laboratory for Protein and Peptide Drugs of Henan Province, Zhengzhou University, Zhengzhou 450001, China.', 'School of Life Sciences, Zhengzhou University, Zhengzhou 450001, China.', 'International Joint Laboratory for Protein and Peptide Drugs of Henan Province, Zhengzhou University, Zhengzhou 450001, China.', 'School of Life Sciences, Zhengzhou University, Zhengzhou 450001, China.', 'School of Pharmaceutical Sciences (Shenzhen), Shenzhen Campus of Sun Yat-sen University, Shenzhen 518107, China.']",Qian Y; Sun Y; Shi P; Zhou X; Zhang Q; Dong Q; Jin S; Qiu L; Niu X; Zhou X; Zhao W; Wu Y; Zhai W; Gao Y,
38486995,"Biomimetic ""Gemini nanoimmunoregulators"" orchestrated for boosted photoimmunotherapy by spatiotemporally modulating PD-L1 and tumor-associated macrophages.",2024 Mar,"['Huang H', 'Li N', 'Wei X', 'Li Q', 'Guo J', 'Yang G', 'Yang H', 'Cai L', 'Liu Y', 'Wu C']","[""Department of Pharmacy, Personalized Drug Therapy Key Laboratory of Sichuan Province, Sichuan Provincial People's Hospital, and School of Life Science and Technology, University of Electronic Science and Technology of China, Chengdu 610054, China."", ""Department of Pharmacy, Personalized Drug Therapy Key Laboratory of Sichuan Province, Sichuan Provincial People's Hospital, and School of Life Science and Technology, University of Electronic Science and Technology of China, Chengdu 610054, China."", ""Department of Pharmacy, Personalized Drug Therapy Key Laboratory of Sichuan Province, Sichuan Provincial People's Hospital, and School of Life Science and Technology, University of Electronic Science and Technology of China, Chengdu 610054, China."", ""Department of Pharmacy, Personalized Drug Therapy Key Laboratory of Sichuan Province, Sichuan Provincial People's Hospital, and School of Life Science and Technology, University of Electronic Science and Technology of China, Chengdu 610054, China."", ""Department of Pharmacy, Personalized Drug Therapy Key Laboratory of Sichuan Province, Sichuan Provincial People's Hospital, and School of Life Science and Technology, University of Electronic Science and Technology of China, Chengdu 610054, China."", ""Department of Pharmacy, Personalized Drug Therapy Key Laboratory of Sichuan Province, Sichuan Provincial People's Hospital, and School of Life Science and Technology, University of Electronic Science and Technology of China, Chengdu 610054, China."", ""Department of Pharmacy, Personalized Drug Therapy Key Laboratory of Sichuan Province, Sichuan Provincial People's Hospital, and School of Life Science and Technology, University of Electronic Science and Technology of China, Chengdu 610054, China."", 'TCM Regulating Metabolic Diseases Key Laboratory of Sichuan Province, Hospital of Chengdu University of Traditional Chinese Medicine, Chengdu 610072, China.', ""Department of Pharmacy, Personalized Drug Therapy Key Laboratory of Sichuan Province, Sichuan Provincial People's Hospital, and School of Life Science and Technology, University of Electronic Science and Technology of China, Chengdu 610054, China."", 'TCM Regulating Metabolic Diseases Key Laboratory of Sichuan Province, Hospital of Chengdu University of Traditional Chinese Medicine, Chengdu 610072, China.', ""Department of Pharmacy, Personalized Drug Therapy Key Laboratory of Sichuan Province, Sichuan Provincial People's Hospital, and School of Life Science and Technology, University of Electronic Science and Technology of China, Chengdu 610054, China.""]",Huang H; Li N; Wei X; Li Q; Guo J; Yang G; Yang H; Cai L; Liu Y; Wu C,
38486980,Small-molecule agents for cancer immunotherapy.,2024 Mar,"['Wang F', 'Fu K', 'Wang Y', 'Pan C', 'Wang X', 'Liu Z', 'Yang C', 'Zheng Y', 'Li X', 'Lu Y', 'To KKW', 'Xia C', 'Zhang J', 'Shi Z', 'Hu Z', 'Huang M', 'Fu L']","['State Key Laboratory of Oncology in South China, Collaborative Innovation Center for Cancer Medicine, Guangdong Esophageal Cancer Institute, Guangdong Provincial Clinical Research Center for Cancer, Sun Yat-sen University Cancer Center, Guangzhou 510060, China.', 'State Key Laboratory of Oncology in South China, Collaborative Innovation Center for Cancer Medicine, Guangdong Esophageal Cancer Institute, Guangdong Provincial Clinical Research Center for Cancer, Sun Yat-sen University Cancer Center, Guangzhou 510060, China.', 'School of Pharmaceutical Sciences, Tsinghua-Peking Center for Life Sciences, Beijing Frontier Research Center for Biological Structure, Tsinghua University, Beijing 100084, China.', 'State Key Laboratory of Oncology in South China, Collaborative Innovation Center for Cancer Medicine, Guangdong Esophageal Cancer Institute, Guangdong Provincial Clinical Research Center for Cancer, Sun Yat-sen University Cancer Center, Guangzhou 510060, China.', 'State Key Laboratory of Oncology in South China, Collaborative Innovation Center for Cancer Medicine, Guangdong Esophageal Cancer Institute, Guangdong Provincial Clinical Research Center for Cancer, Sun Yat-sen University Cancer Center, Guangzhou 510060, China.', 'State Key Laboratory of Oncology in South China, Collaborative Innovation Center for Cancer Medicine, Guangdong Esophageal Cancer Institute, Guangdong Provincial Clinical Research Center for Cancer, Sun Yat-sen University Cancer Center, Guangzhou 510060, China.', 'State Key Laboratory of Oncology in South China, Collaborative Innovation Center for Cancer Medicine, Guangdong Esophageal Cancer Institute, Guangdong Provincial Clinical Research Center for Cancer, Sun Yat-sen University Cancer Center, Guangzhou 510060, China.', 'State Key Laboratory of Drug Research, Shanghai Institute of Materia Medica, Chinese Academy of Sciences, Shanghai 201203, China.', 'Department of Cell Biology & Institute of Biomedicine, National Engineering Research Center of Genetic Medicine, MOE Key Laboratory of Tumor Molecular Biology, Guangdong Provincial Key Laboratory of Bioengineering Medicine, College of Life Science and Technology, Jinan University, Guangzhou 510632, China.', 'Guangzhou Municipal and Guangdong Provincial Key Laboratory of Molecular Target & Clinical Pharmacology, NMPA and State Key Laboratory of Respiratory Disease, School of Pharmaceutical Sciences and the Fifth Affiliated Hospital, Guangzhou Medical University, Guangzhou 511436, China.', 'School of Pharmacy, The Chinese University of Hong Kong, Hong Kong 999077, China.', 'Affiliated Foshan Maternity and Child Healthcare Hospital, Southern Medical University, Foshan 528000, China.', 'Guangzhou Municipal and Guangdong Provincial Key Laboratory of Molecular Target & Clinical Pharmacology, NMPA and State Key Laboratory of Respiratory Disease, School of Pharmaceutical Sciences and the Fifth Affiliated Hospital, Guangzhou Medical University, Guangzhou 511436, China.', 'Department of Cell Biology & Institute of Biomedicine, National Engineering Research Center of Genetic Medicine, MOE Key Laboratory of Tumor Molecular Biology, Guangdong Provincial Key Laboratory of Bioengineering Medicine, College of Life Science and Technology, Jinan University, Guangzhou 510632, China.', 'School of Pharmaceutical Sciences, Tsinghua-Peking Center for Life Sciences, Beijing Frontier Research Center for Biological Structure, Tsinghua University, Beijing 100084, China.', 'State Key Laboratory of Drug Research, Shanghai Institute of Materia Medica, Chinese Academy of Sciences, Shanghai 201203, China.', 'State Key Laboratory of Oncology in South China, Collaborative Innovation Center for Cancer Medicine, Guangdong Esophageal Cancer Institute, Guangdong Provincial Clinical Research Center for Cancer, Sun Yat-sen University Cancer Center, Guangzhou 510060, China.']",Wang F; Fu K; Wang Y; Pan C; Wang X; Liu Z; Yang C; Zheng Y; Li X; Lu Y; To KKW; Xia C; Zhang J; Shi Z; Hu Z; Huang M; Fu L,
38445519,Tertiary Lymphoid Structure-Associated B Cells Enhance CXCL13(+)CD103(+)CD8(+) Tissue-Resident Memory T-Cell Response to Programmed Cell Death Protein 1 Blockade in Cancer Immunotherapy.,2024 Jun,"['Hu C', 'You W', 'Kong D', 'Huang Y', 'Lu J', 'Zhao M', 'Jin Y', 'Peng R', 'Hua D', 'Kuang DM', 'Chen Y']","[""Department of General Surgery, Jiangsu Cancer Hospital & Jiangsu Institute of Cancer Research & The Affiliated Cancer Hospital of Nanjing Medical University, Nanjing, China; The Affiliated Wuxi People's Hospital of Nanjing Medical University, Wuxi People's Hospital, Wuxi Medical Center, Wuxi, China; Department of Immunology, School of Basic Medical Sciences, Wuxi Medical Center, Nanjing Medical University, Nanjing, China; The Affiliated Huai'an No. 1 People's Hospital, Nanjing Medical University, Nanjing, China; Jiangsu Key Lab of Cancer Biomarkers, Prevention and Treatment, Collaborative Innovation Center for Cancer Personalized Medicine, Nanjing Medical University, Nanjing, China."", 'Department of Immunology, School of Basic Medical Sciences, Wuxi Medical Center, Nanjing Medical University, Nanjing, China.', 'Department of Immunology, School of Basic Medical Sciences, Wuxi Medical Center, Nanjing Medical University, Nanjing, China.', 'Department of Immunology, School of Basic Medical Sciences, Wuxi Medical Center, Nanjing Medical University, Nanjing, China.', 'Department of Immunology, School of Basic Medical Sciences, Wuxi Medical Center, Nanjing Medical University, Nanjing, China.', 'Department of Immunology, School of Basic Medical Sciences, Wuxi Medical Center, Nanjing Medical University, Nanjing, China.', 'Department of Immunology, School of Basic Medical Sciences, Wuxi Medical Center, Nanjing Medical University, Nanjing, China.', 'Department of General Surgery, Jiangsu Cancer Hospital & Jiangsu Institute of Cancer Research & The Affiliated Cancer Hospital of Nanjing Medical University, Nanjing, China.', ""The Affiliated Wuxi People's Hospital of Nanjing Medical University, Wuxi People's Hospital, Wuxi Medical Center, Wuxi, China."", 'MOE Key Laboratory of Gene Function and Regulation, School of Life Sciences, Sun Yat-sen University, Guangdong, China.', ""Department of General Surgery, Jiangsu Cancer Hospital & Jiangsu Institute of Cancer Research & The Affiliated Cancer Hospital of Nanjing Medical University, Nanjing, China; The Affiliated Wuxi People's Hospital of Nanjing Medical University, Wuxi People's Hospital, Wuxi Medical Center, Wuxi, China; Department of Immunology, School of Basic Medical Sciences, Wuxi Medical Center, Nanjing Medical University, Nanjing, China; The Affiliated Huai'an No. 1 People's Hospital, Nanjing Medical University, Nanjing, China; Jiangsu Key Lab of Cancer Biomarkers, Prevention and Treatment, Collaborative Innovation Center for Cancer Personalized Medicine, Nanjing Medical University, Nanjing, China. Electronic address: chenyun@njmu.edu.cn.""]",Hu C; You W; Kong D; Huang Y; Lu J; Zhao M; Jin Y; Peng R; Hua D; Kuang DM; Chen Y,
38322330,Immunostimulatory gene therapy combined with checkpoint blockade reshapes tumor microenvironment and enhances ovarian cancer immunotherapy.,2024 Feb,"['Lin Y', 'Wang X', 'He S', 'Duan Z', 'Zhang Y', 'Sun X', 'Hu Y', 'Zhang Y', 'Qian Z', 'Gao X', 'Zhang Z']","['Key Laboratory of Drug Targeting and Drug Delivery Systems, Ministry of Education, West China School of Pharmacy, Sichuan University, Chengdu 610041, China.', 'Department of Pharmacy, Evidence-based Pharmacy Center, West China Second University Hospital, Key Laboratory of Birth Defects and Related Diseases of Women and Children, Sichuan University, Chengdu 610041, China.', 'Department of Neurosurgery and Institute of Neurosurgery, State Key Laboratory of Biotherapy and Cancer Center, West China Hospital, West China Medical School, Sichuan University and Collaborative Innovation Center for Biotherapy, Chengdu 610041, China.', 'Department of Neurosurgery and Institute of Neurosurgery, State Key Laboratory of Biotherapy and Cancer Center, West China Hospital, West China Medical School, Sichuan University and Collaborative Innovation Center for Biotherapy, Chengdu 610041, China.', 'Department of Neurosurgery and Institute of Neurosurgery, State Key Laboratory of Biotherapy and Cancer Center, West China Hospital, West China Medical School, Sichuan University and Collaborative Innovation Center for Biotherapy, Chengdu 610041, China.', 'Department of Neurosurgery and Institute of Neurosurgery, State Key Laboratory of Biotherapy and Cancer Center, West China Hospital, West China Medical School, Sichuan University and Collaborative Innovation Center for Biotherapy, Chengdu 610041, China.', 'West China School of Basic Medical Sciences & Forensic Medicine, Sichuan University, Chengdu 610041, China.', 'Department of Radiation Oncology, State Key Laboratory of Biotherapy and Cancer Center, West China Hospital, West China Medical School, Sichuan University and Collaborative Innovation Center for Biotherapy, Chengdu 610041, China.', 'Key Laboratory of Drug Targeting and Drug Delivery Systems, Ministry of Education, West China School of Pharmacy, Sichuan University, Chengdu 610041, China.', 'Department of Neurosurgery and Institute of Neurosurgery, State Key Laboratory of Biotherapy and Cancer Center, West China Hospital, West China Medical School, Sichuan University and Collaborative Innovation Center for Biotherapy, Chengdu 610041, China.', 'Department of Neurosurgery and Institute of Neurosurgery, State Key Laboratory of Biotherapy and Cancer Center, West China Hospital, West China Medical School, Sichuan University and Collaborative Innovation Center for Biotherapy, Chengdu 610041, China.', 'Key Laboratory of Drug Targeting and Drug Delivery Systems, Ministry of Education, West China School of Pharmacy, Sichuan University, Chengdu 610041, China.']",Lin Y; Wang X; He S; Duan Z; Zhang Y; Sun X; Hu Y; Zhang Y; Qian Z; Gao X; Zhang Z,
38304228,Nurses' roles in CAR-T therapy for B-cell malignancies and managing associated cytokine release syndrome.,2024 Feb,"['Nwozichi C', 'Ogunmuyiwa AO', 'Ojewale MO']","['Wellstar School of Nursing, Kennesaw State University, GA, USA.', 'School of Nursing, Babcock University, Ogun State, Nigeria.', 'Nigerian Army College of Nursing, Yaba, Lagos, Nigeria.']",Nwozichi C; Ogunmuyiwa AO; Ojewale MO,
38299150,Readily available drugs and other interventions to potentially improve the efficacy of immune checkpoint blockade in cancer.,2023,"['Coleman M', 'Mascialino SJ', 'Panjwani A', 'Edwards E', 'Sukhatme VV', 'Gavegnano C', 'Sukhatme VP']","['Department of Pathology and Laboratory Medicine, Emory University, Atlanta, GA, United States.', 'Center for the Study of Human Health, Emory University, Atlanta, GA, United States.', 'Department of Pathology and Laboratory Medicine, Emory University, Atlanta, GA, United States.', 'Center for the Study of Human Health, Emory University, Atlanta, GA, United States.', 'Department of Pathology and Laboratory Medicine, Emory University, Atlanta, GA, United States.', 'Center for the Study of Human Health, Emory University, Atlanta, GA, United States.', 'Department of Pathology and Laboratory Medicine, Emory University, Atlanta, GA, United States.', 'Center for the Study of Human Health, Emory University, Atlanta, GA, United States.', 'College of Pharmacy, University of Florida, Gainesville, FL, United States.', 'Morningside Center for Innovative & Affordable Medicine, Emory University, Atlanta, GA, United States.', 'GlobalCures, Inc, Newton, MA, United States.', 'Rollins School of Public Health, Emory University, Atlanta, GA, United States.', 'Department of Pathology and Laboratory Medicine, Emory University, Atlanta, GA, United States.', 'Center for the Study of Human Health, Emory University, Atlanta, GA, United States.', 'Department of Pharmacology and Chemical Biology, Emory University, Atlanta, GA, United States.', 'Atlanta Veterans Affairs Medical Center, Decatur, GA, United States.', 'Center for Bioethics, Harvard Medical School, Boston, MA, United States.', 'Department of Medicine, Emory University, Atlanta, GA, United States.', 'Morningside Center for Innovative & Affordable Medicine, Emory University, Atlanta, GA, United States.', 'GlobalCures, Inc, Newton, MA, United States.', 'Department of Medicine, Emory University, Atlanta, GA, United States.', 'Department of Hematology and Medical Oncology, Emory University, Atlanta, GA, United States.', 'Winship Cancer Institute, Emory University, Atlanta, GA, United States.']",Coleman M; Mascialino SJ; Panjwani A; Edwards E; Sukhatme VV; Gavegnano C; Sukhatme VP,
38283361,Oncolytic vaccinia virus and cancer immunotherapy.,2023,"['Xu L', 'Sun H', 'Lemoine NR', 'Xuan Y', 'Wang P']","['Sino-British Research Centre for Molecular Oncology, National Centre for International Research in Cell and Gene Therapy, State Key Laboratory of Esophageal Cancer Prevention & Treatment, School of Basic Medical Sciences, Academy of Medical Sciences, Zhengzhou University, Zhengzhou, China.', 'Sino-British Research Centre for Molecular Oncology, National Centre for International Research in Cell and Gene Therapy, State Key Laboratory of Esophageal Cancer Prevention & Treatment, School of Basic Medical Sciences, Academy of Medical Sciences, Zhengzhou University, Zhengzhou, China.', 'Sino-British Research Centre for Molecular Oncology, National Centre for International Research in Cell and Gene Therapy, State Key Laboratory of Esophageal Cancer Prevention & Treatment, School of Basic Medical Sciences, Academy of Medical Sciences, Zhengzhou University, Zhengzhou, China.', 'Centre for Biomarkers & Biotherapeutics, Barts Cancer Institute, Queen Mary University of London, London, United Kingdom.', 'Sino-British Research Centre for Molecular Oncology, National Centre for International Research in Cell and Gene Therapy, State Key Laboratory of Esophageal Cancer Prevention & Treatment, School of Basic Medical Sciences, Academy of Medical Sciences, Zhengzhou University, Zhengzhou, China.', 'Sino-British Research Centre for Molecular Oncology, National Centre for International Research in Cell and Gene Therapy, State Key Laboratory of Esophageal Cancer Prevention & Treatment, School of Basic Medical Sciences, Academy of Medical Sciences, Zhengzhou University, Zhengzhou, China.']",Xu L; Sun H; Lemoine NR; Xuan Y; Wang P,
38274827,"Glioma: bridging the tumor microenvironment, patient immune profiles and novel personalized immunotherapy.",2023,"['Mishchenko TA', 'Turubanova VD', 'Gorshkova EN', 'Krysko O', 'Vedunova MV', 'Krysko DV']","['Institute of Biology and Biomedicine, National Research Lobachevsky State University of Nizhny Novgorod, Nizhny Novgorod, Russia.', 'Institute of Biology and Biomedicine, National Research Lobachevsky State University of Nizhny Novgorod, Nizhny Novgorod, Russia.', 'Neuroscience Research Institute, National Research Lobachevsky State University of Nizhny Novgorod, Nizhny Novgorod, Russia.', 'Institute of Biology and Biomedicine, National Research Lobachevsky State University of Nizhny Novgorod, Nizhny Novgorod, Russia.', 'Cell Death Investigation and Therapy Laboratory, Anatomy and Embryology Unit, Department of Human Structure and Repair, Faculty of Medicine and Health Sciences, Ghent University, Ghent, Belgium.', 'Institute of Biology and Biomedicine, National Research Lobachevsky State University of Nizhny Novgorod, Nizhny Novgorod, Russia.', 'Faculty of Biology and Biotechnologies, National Research University Higher School of Economics, Moscow, Russia.', 'Institute of Biology and Biomedicine, National Research Lobachevsky State University of Nizhny Novgorod, Nizhny Novgorod, Russia.', 'Cell Death Investigation and Therapy Laboratory, Anatomy and Embryology Unit, Department of Human Structure and Repair, Faculty of Medicine and Health Sciences, Ghent University, Ghent, Belgium.', 'Department of Pathophysiology, Sechenov First Moscow State Medical University (Sechenov University), Moscow, Russia.', 'Cancer Research Institute Ghent, Ghent, Belgium.']",Mishchenko TA; Turubanova VD; Gorshkova EN; Krysko O; Vedunova MV; Krysko DV,
38274800,Gamma/delta T cells as cellular vehicles for anti-tumor immunity.,2023,"['Wang CQ', 'Lim PY', 'Tan AH']","['Immune Cell Manufacturing, Bioprocessing Technology Institute (BTI), Agency for Science, Technology and Research (A*STAR), Singapore, Singapore.', 'Immune Cell Manufacturing, Bioprocessing Technology Institute (BTI), Agency for Science, Technology and Research (A*STAR), Singapore, Singapore.', 'Immune Cell Manufacturing, Bioprocessing Technology Institute (BTI), Agency for Science, Technology and Research (A*STAR), Singapore, Singapore.', 'Food, Chemical and Biotechnology Cluster, Singapore Institute of Technology (SIT), Singapore, Singapore.']",Wang CQ; Lim PY; Tan AH,
38274490,A meta-analysis and real-world cohort study on the sex-related differences in efficacy and safety of immunotherapy for hepatocellular carcinoma.,2024 Feb,"['Balcar L', 'Scheiner B', 'Fulgenzi CAM', ""D'Alessio A"", 'Pomej K', 'Roig MB', 'Meyer EL', 'Che J', 'Nishida N', 'Lee PC', 'Wu L', 'Ang C', 'Krall A', 'Saeed A', 'Stefanini B', 'Cammarota A', 'Pressiani T', 'Abugabal YI', 'Chamseddine S', 'Wietharn B', 'Parisi A', 'Huang YH', 'Phen S', 'Vivaldi C', 'Salani F', 'Masi G', 'Bettinger D', 'Vogel A', 'von Felden J', 'Schulze K', 'Silletta M', 'Trauner M', 'Samson A', 'Wege H', 'Piscaglia F', 'Galle PR', 'Stauber R', 'Kudo M', 'Singal AG', 'Itani A', 'Ulahannan SV', 'Parikh ND', 'Cortellini A', 'Kaseb A', 'Rimassa L', 'Chon HJ', 'Pinato DJ', 'Pinter M']","['Division of Gastroenterology and Hepatology, Department of Internal Medicine III, Medical University of Vienna, Vienna, Austria.', 'Liver Cancer (HCC) Study Group Vienna, Division of Gastroenterology and Hepatology, Department of Internal Medicine III, Medical University of Vienna, Vienna, Austria.', 'Division of Gastroenterology and Hepatology, Department of Internal Medicine III, Medical University of Vienna, Vienna, Austria.', 'Liver Cancer (HCC) Study Group Vienna, Division of Gastroenterology and Hepatology, Department of Internal Medicine III, Medical University of Vienna, Vienna, Austria.', 'Division of Cancer, Department of Surgery and Cancer, Imperial College London, London, United Kingdom.', 'Division of Cancer, Department of Surgery and Cancer, Imperial College London, London, United Kingdom.', 'Operative Research Unit of Medical Oncology, Fondazione Policlinico Universitario Campus Bio-Medico, Via Alvaro del Portillo, 200 - 00128 Roma, Italy.', 'Division of Cancer, Department of Surgery and Cancer, Imperial College London, London, United Kingdom.', 'Division of Oncology, Department of Translational Medicine, University of Piemonte Orientale, Novara, Italy.', 'Division of Gastroenterology and Hepatology, Department of Internal Medicine III, Medical University of Vienna, Vienna, Austria.', 'Liver Cancer (HCC) Study Group Vienna, Division of Gastroenterology and Hepatology, Department of Internal Medicine III, Medical University of Vienna, Vienna, Austria.', 'Section for Medical Statistics, Center for Medical Data Science, Medical University of Vienna, Vienna, Austria.', 'Section for Medical Statistics, Center for Medical Data Science, Medical University of Vienna, Vienna, Austria.', 'Berry Consultants, Vienna, Austria.', 'Medical Oncology, Department of Internal Medicine, CHA Bundang Medical Centre, CHA University, Seongnam, Republic of Korea.', 'Department of Gastroenterology and Hepatology, Kindai University, Faculty of Medicine, Osaka, Japan.', 'Division of Gastroenterology and Hepatology, Department of Medicine, Taipei Veterans General Hospital, Taipei, Taiwan.', 'Department of Medicine, Division of Hematology/Oncology, Tisch Cancer Institute, Mount Sinai Hospital, New York, NY, USA.', 'Department of Medicine, Division of Hematology/Oncology, Tisch Cancer Institute, Mount Sinai Hospital, New York, NY, USA.', 'Division of Gastroenterology and Hepatology, Department of Internal Medicine, Medical University of Graz, Graz, Austria.', 'Division of Hematology/Oncology, Department of Medicine, University of Pittsburgh (UPMC), Pittsburgh, PA, USA.', 'Division of Internal Medicine, Hepatobiliary and Immunoallergic Diseases, IRCCS Azienda Ospedaliero-Universitaria di Bologna, Bologna, Italy.', 'Drug Development Unit, Sarah Cannon Research Institute UK, London, UK.', 'Department of Biomedical Sciences, Humanitas University, Pieve Emanuele (Milan), Italy.', 'Medical Oncology and Hematology Unit, Humanitas Cancer Center, IRCCS Humanitas Research Hospital, Rozzano (Milan), Italy.', 'Dept of Gastrointestinal Medical Oncology, The University of Texas MD Anderson Cancer Center, Houston, TX, USA.', 'Dept of Gastrointestinal Medical Oncology, The University of Texas MD Anderson Cancer Center, Houston, TX, USA.', 'Division of Medical Oncology, Department of Medicine, University of Kansas Cancer Center, Westwood, KS, USA.', 'Department of Oncology, Universita Politecnica delle Marche, Azienda Ospedaliero-Universitaria delle Marche, Ancona, Italy.', 'Institute of Clinical Medicine, National Yang Ming Chiao Tung University School of Medicine, Taipei, Taiwan; Healthcare and Services Center, Division of Gastroenterology and Hepatology, Taipei Veterans General Hospital, Taipei, Taiwan.', 'Department of Internal Medicine, University of Texas Southwestern Medical Center, Dallas, TX, USA.', 'Unit of Medical Oncology 2, University Hospital of Pisa, Pisa, Italy.', 'Department of Translational Research and New Technologies in Medicine and Surgery, University of Pisa, Pisa, Italy.', 'Department of Translational Research and New Technologies in Medicine and Surgery, University of Pisa, Pisa, Italy.', 'Department of Medicine II (Gastroenterology, Hepatology, Endocrinology, and Infectious Diseases), Freiburg University Medical Centre, Freiburg, Germany.', 'Department of Gastroenterology, Hepatology and Endocrinology, Hannover Medical School, Hannover, Germany.', 'I. Department of Medicine, University Medical Center Hamburg-Eppendorf, Hamburg, Hamburg, Germany.', 'I. Department of Medicine, University Medical Center Hamburg-Eppendorf, Hamburg, Hamburg, Germany.', 'Operative Research Unit of Medical Oncology, Fondazione Policlinico Universitario Campus Bio-Medico, Via Alvaro del Portillo, 200 - 00128 Roma, Italy.', 'Division of Gastroenterology and Hepatology, Department of Internal Medicine III, Medical University of Vienna, Vienna, Austria.', ""Leeds Institute of Medical Research at St. James's (LIMR), School of Medicine, Faculty of Medicine and Health, University of Leeds, St James's University Hospital, Leeds, UK."", 'I. Department of Medicine, University Medical Center Hamburg-Eppendorf, Hamburg, Hamburg, Germany.', 'Division of Internal Medicine, Hepatobiliary and Immunoallergic Diseases, IRCCS Azienda Ospedaliero-Universitaria di Bologna, Bologna, Italy.', 'I. Medical Department, University Medical Centre Mainz, Mainz, Germany.', 'Division of Gastroenterology and Hepatology, Department of Internal Medicine, Medical University of Graz, Graz, Austria.', 'Department of Gastroenterology and Hepatology, Kindai University, Faculty of Medicine, Osaka, Japan.', 'Department of Internal Medicine, University of Texas Southwestern Medical Center, Dallas, TX, USA.', 'Stephenson Cancer Center, University of Oklahoma Health Sciences Center, Oklahoma City, OK, USA.', 'Stephenson Cancer Center, University of Oklahoma Health Sciences Center, Oklahoma City, OK, USA.', 'Department of Internal Medicine, University of Michigan, Ann Arbor, Michigan, USA.', 'Division of Cancer, Department of Surgery and Cancer, Imperial College London, London, United Kingdom.', 'Operative Research Unit of Medical Oncology, Fondazione Policlinico Universitario Campus Bio-Medico, Via Alvaro del Portillo, 200 - 00128 Roma, Italy.', 'Dept of Gastrointestinal Medical Oncology, The University of Texas MD Anderson Cancer Center, Houston, TX, USA.', 'Department of Biomedical Sciences, Humanitas University, Pieve Emanuele (Milan), Italy.', 'Medical Oncology and Hematology Unit, Humanitas Cancer Center, IRCCS Humanitas Research Hospital, Rozzano (Milan), Italy.', 'Medical Oncology, Department of Internal Medicine, CHA Bundang Medical Centre, CHA University, Seongnam, Republic of Korea.', 'Division of Cancer, Department of Surgery and Cancer, Imperial College London, London, United Kingdom.', 'Division of Oncology, Department of Translational Medicine, University of Piemonte Orientale, Novara, Italy.', 'Division of Gastroenterology and Hepatology, Department of Internal Medicine III, Medical University of Vienna, Vienna, Austria.', 'Liver Cancer (HCC) Study Group Vienna, Division of Gastroenterology and Hepatology, Department of Internal Medicine III, Medical University of Vienna, Vienna, Austria.']",Balcar L; Scheiner B; Fulgenzi CAM; D'Alessio A; Pomej K; Roig MB; Meyer EL; Che J; Nishida N; Lee PC; Wu L; Ang C; Krall A; Saeed A; Stefanini B; Cammarota A; Pressiani T; Abugabal YI; Chamseddine S; Wietharn B; Parisi A; Huang YH; Phen S; Vivaldi C; Salani F; Masi G; Bettinger D; Vogel A; von Felden J; Schulze K; Silletta M; Trauner M; Samson A; Wege H; Piscaglia F; Galle PR; Stauber R; Kudo M; Singal AG; Itani A; Ulahannan SV; Parikh ND; Cortellini A; Kaseb A; Rimassa L; Chon HJ; Pinato DJ; Pinter M,
38261838,"Cancer immunotherapy with enveloped self-amplifying mRNA CARG-2020 that modulates IL-12, IL-17 and PD-L1 pathways to prevent tumor recurrence.",2024 Jan,"['Chen J', 'Madina BR', 'Ahmadi E', 'Yarovinsky TO', 'Krady MM', 'Meehan EV', 'Wang IC', 'Ye X', 'Pitmon E', 'Ma XY', 'Almassian B', 'Nakaar V', 'Wang K']","['Department of Immunology, School of Medicine, University of Connecticut Health Center, Farmington, CT 06030, USA.', 'The Eighth Clinical Medical College of Guangzhou University of Chinese Medicine, Foshan Hospital of Traditional Chinese Medicine, Foshan 528000, China.', 'CaroGen Corporation, Farmington, CT 06030, USA.', 'Department of Immunology, School of Medicine, University of Connecticut Health Center, Farmington, CT 06030, USA.', 'CaroGen Corporation, Farmington, CT 06030, USA.', 'CaroGen Corporation, Farmington, CT 06030, USA.', 'CaroGen Corporation, Farmington, CT 06030, USA.', 'Department of Immunology, School of Medicine, University of Connecticut Health Center, Farmington, CT 06030, USA.', 'Department of Immunology, School of Medicine, University of Connecticut Health Center, Farmington, CT 06030, USA.', 'The Loomis Chaffee School, Windsor, CT 06095, USA.', 'Department of Immunology, School of Medicine, University of Connecticut Health Center, Farmington, CT 06030, USA.', 'Department of Immunology, School of Medicine, University of Connecticut Health Center, Farmington, CT 06030, USA.', 'CaroGen Corporation, Farmington, CT 06030, USA.', 'CaroGen Corporation, Farmington, CT 06030, USA.', 'CaroGen Corporation, Farmington, CT 06030, USA.', 'Department of Immunology, School of Medicine, University of Connecticut Health Center, Farmington, CT 06030, USA.']",Chen J; Madina BR; Ahmadi E; Yarovinsky TO; Krady MM; Meehan EV; Wang IC; Ye X; Pitmon E; Ma XY; Almassian B; Nakaar V; Wang K,
38260854,Preclinical and clinical studies of a tumor targeting IL-12 immunocytokine.,2023,"['Minnar CM', 'Lui G', 'Gulley JL', 'Schlom J', 'Gameiro SR']","['Center for Immuno-Oncology, Center for Cancer Research, National Cancer Institute, National Institutes of Health, Bethesda, MD, United States.', 'Center for Immuno-Oncology, Center for Cancer Research, National Cancer Institute, National Institutes of Health, Bethesda, MD, United States.', 'Center for Immuno-Oncology, Center for Cancer Research, National Cancer Institute, National Institutes of Health, Bethesda, MD, United States.', 'Center for Immuno-Oncology, Center for Cancer Research, National Cancer Institute, National Institutes of Health, Bethesda, MD, United States.', 'Center for Immuno-Oncology, Center for Cancer Research, National Cancer Institute, National Institutes of Health, Bethesda, MD, United States.']",Minnar CM; Lui G; Gulley JL; Schlom J; Gameiro SR,
38259474,A facile approach to preparing personalized cancer vaccines using iron-based metal organic framework.,2023,"['Li X', 'Hattori S', 'Ebara M', 'Shirahata N', 'Hanagata N']","['Research Center for Macromolecules and Biomaterials, National Institute for Materials Science (NIMS), Tsukuba, Ibaraki, Japan.', 'Bioanalysis Unit, Research Network and Facility Services Division, National Institute for Materials Science (NIMS), Tsukuba, Ibaraki, Japan.', 'Research Center for Macromolecules and Biomaterials, National Institute for Materials Science (NIMS), Tsukuba, Ibaraki, Japan.', 'Research Center for Materials Nanoarchitectonics (MANA), National Institute for Materials Science (NIMS), Tsukuba, Ibaraki, Japan.', 'Graduate School of Chemical Sciences and Engineering, Hokkaido University, Sapporo, Japan.', 'Research Center for Macromolecules and Biomaterials, National Institute for Materials Science (NIMS), Tsukuba, Ibaraki, Japan.']",Li X; Hattori S; Ebara M; Shirahata N; Hanagata N,
38259453,Targeting STAT3 in tumor-associated antigen-presenting cells as a strategy for kidney and bladder cancer immunotherapy.,2023,"['Alcantara MB', 'Tang WS', 'Wang D', 'Kaniowski D', 'Kang E', 'Dizman N', 'Chehrazi-Raffle A', 'Meza L', 'Zengin Z', 'Hall J', 'Hsu J', 'Egelston C', 'Moreira D', 'Horsager A', 'Pal SK', 'Kortylewski M']","['Department of Immuno-Oncology, Beckman Research Institute, City of Hope National Medical Centre, Duarte, CA, United States.', 'Department of Immuno-Oncology, Beckman Research Institute, City of Hope National Medical Centre, Duarte, CA, United States.', 'Department of Immuno-Oncology, Beckman Research Institute, City of Hope National Medical Centre, Duarte, CA, United States.', 'Department of Immuno-Oncology, Beckman Research Institute, City of Hope National Medical Centre, Duarte, CA, United States.', 'Department of Immuno-Oncology, Beckman Research Institute, City of Hope National Medical Centre, Duarte, CA, United States.', 'Department of Medical Oncology, City of Hope National Medical Centre, Duarte, CA, United States.', 'MD Anderson Cancer Center, Department of Hematology and Oncology, Houston, TX, United States.', 'Department of Medical Oncology, City of Hope National Medical Centre, Duarte, CA, United States.', 'Department of Medical Oncology, City of Hope National Medical Centre, Duarte, CA, United States.', 'Department of Medical Oncology, City of Hope National Medical Centre, Duarte, CA, United States.', 'Department of Immuno-Oncology, Beckman Research Institute, City of Hope National Medical Centre, Duarte, CA, United States.', 'Department of Medical Oncology, City of Hope National Medical Centre, Duarte, CA, United States.', 'Department of Immuno-Oncology, Beckman Research Institute, City of Hope National Medical Centre, Duarte, CA, United States.', 'Department of Immuno-Oncology, Beckman Research Institute, City of Hope National Medical Centre, Duarte, CA, United States.', 'Duet Biotherapeutics, Pasadena, CA, United States.', 'Department of Medical Oncology, City of Hope National Medical Centre, Duarte, CA, United States.', 'Department of Immuno-Oncology, Beckman Research Institute, City of Hope National Medical Centre, Duarte, CA, United States.']",Alcantara MB; Tang WS; Wang D; Kaniowski D; Kang E; Dizman N; Chehrazi-Raffle A; Meza L; Zengin Z; Hall J; Hsu J; Egelston C; Moreira D; Horsager A; Pal SK; Kortylewski M,
38258042,Cancer Immunotherapy with Lipid Nanoparticles Loaded with a Stimulator of Interferon Genes Agonist against Renal Tumor Lung Metastasis.,2023 Dec 26,"['Nakamura T', 'Sasaki S', 'Sato Y', 'Harashima H']","['Faculty of Pharmaceutical Sciences, Hokkaido University, Kita-12, Nishi-6, Kita-ku, Sapporo 060-0812, Japan.', 'Faculty of Pharmaceutical Sciences, Hokkaido University, Kita-12, Nishi-6, Kita-ku, Sapporo 060-0812, Japan.', 'Faculty of Pharmaceutical Sciences, Hokkaido University, Kita-12, Nishi-6, Kita-ku, Sapporo 060-0812, Japan.', 'Faculty of Pharmaceutical Sciences, Hokkaido University, Kita-12, Nishi-6, Kita-ku, Sapporo 060-0812, Japan.']",Nakamura T; Sasaki S; Sato Y; Harashima H,
38258033,Cellular-Membrane-Derived Vesicles for Cancer Immunotherapy.,2023 Dec 22,"['An X', 'Zeng Y', 'Liu C', 'Liu G']","['State Key Laboratory of Molecular Vaccinology and Molecular Diagnostics, National Institute of Diagnostics and Vaccine Development in Infectious Diseases, Center for Molecular Imaging and Translational Medicine, School of Public Health, Xiamen University, Xiamen 361102, China.', 'State Key Laboratory of Stress Biology, Fujian Provincial Key Laboratory of Innovative Drug Target Research, School of Pharmaceutical Sciences, Xiamen University, Xiamen 361102, China.', 'School of Life Sciences, Xiamen University, Xiamen 361102, China.', 'Department of Pharmacy, Xiamen Medical College, Xiamen 361023, China.', 'State Key Laboratory of Stress Biology, Fujian Provincial Key Laboratory of Innovative Drug Target Research, School of Pharmaceutical Sciences, Xiamen University, Xiamen 361102, China.', 'Shenzhen Research Institute of Xiamen University, Shenzhen 518000, China.', 'State Key Laboratory of Molecular Vaccinology and Molecular Diagnostics, National Institute of Diagnostics and Vaccine Development in Infectious Diseases, Center for Molecular Imaging and Translational Medicine, School of Public Health, Xiamen University, Xiamen 361102, China.', 'School of Life Sciences, Xiamen University, Xiamen 361102, China.']",An X; Zeng Y; Liu C; Liu G,
38248313,Antitumor Immunity: Role of NK Cells and Extracellular Vesicles in Cancer Immunotherapy.,2023 Dec 25,"['Prokopeva AE', 'Emene CC', 'Gomzikova MO']","['Laboratory of Molecular Immunology, Institute of Fundamental Medicine and Biology, Kazan Federal University, Kazan 420111, Russia.', 'Laboratory of Intercellular Communication, Kazan Federal University, Kazan 420111, Russia.', 'Laboratory of Molecular Immunology, Institute of Fundamental Medicine and Biology, Kazan Federal University, Kazan 420111, Russia.', 'Laboratory of Intercellular Communication, Kazan Federal University, Kazan 420111, Russia.']",Prokopeva AE; Emene CC; Gomzikova MO,
38239881,Immunomodulatory effects of exercise in cancer prevention and adjuvant therapy: a narrative review.,2023,['Lyu DW'],"['Physical Education and Health School, East China Jiaotong University, Nanchang, Jiangxi, China.']",Lyu DW,
38239396,Drug resistance in glioblastoma: from chemo- to immunotherapy.,2023,"['Sharma S', 'Chepurna O', 'Sun T']","['Department of Neurosurgery, Cedars-Sinai Medical Center, Los Angeles, CA 90048, USA.', 'Department of Neurosurgery, Cedars-Sinai Medical Center, Los Angeles, CA 90048, USA.', 'Department of Neurosurgery, Cedars-Sinai Medical Center, Los Angeles, CA 90048, USA.']",Sharma S; Chepurna O; Sun T,
38239240,[Not Available].,2024 Jan,"['Qu Y', 'Xu J', 'Zhang T', 'Chen Q', 'Sun T', 'Jiang C']","['Key Laboratory of Smart Drug Delivery (Ministry of Education), Minhang Hospital, State Key Laboratory of Medical Neurobiology, Department of Pharmaceutics, School of Pharmacy, Fudan University, Shanghai 201203, China.', 'Key Laboratory of Smart Drug Delivery (Ministry of Education), Minhang Hospital, State Key Laboratory of Medical Neurobiology, Department of Pharmaceutics, School of Pharmacy, Fudan University, Shanghai 201203, China.', 'Key Laboratory of Smart Drug Delivery (Ministry of Education), Minhang Hospital, State Key Laboratory of Medical Neurobiology, Department of Pharmaceutics, School of Pharmacy, Fudan University, Shanghai 201203, China.', 'Key Laboratory of Smart Drug Delivery (Ministry of Education), Minhang Hospital, State Key Laboratory of Medical Neurobiology, Department of Pharmaceutics, School of Pharmacy, Fudan University, Shanghai 201203, China.', 'Key Laboratory of Smart Drug Delivery (Ministry of Education), Minhang Hospital, State Key Laboratory of Medical Neurobiology, Department of Pharmaceutics, School of Pharmacy, Fudan University, Shanghai 201203, China.', 'Key Laboratory of Smart Drug Delivery (Ministry of Education), Minhang Hospital, State Key Laboratory of Medical Neurobiology, Department of Pharmaceutics, School of Pharmacy, Fudan University, Shanghai 201203, China.']",Qu Y; Xu J; Zhang T; Chen Q; Sun T; Jiang C,
38235375,CD80-Fc fusion protein as a potential cancer immunotherapy strategy.,2024 Jan,"['Wang S', 'Hu P', 'Fan J', 'Zou J', 'Hong W', 'Huang X', 'Pan D', 'Chen H', 'Zhu YZ', 'Ye L']","['School of Pharmacy and State Key Laboratory of Quality Research in Chinese Medicine, Macau University of Science and Technology, Macau, 999078, China.', 'Minhang Hospital & Department of Biological Medicines at School of Pharmacy, Fudan University, Shanghai 201100, China.', 'Research & Development Department, Beijing Beyond Biotechnology Co., Ltd, Room 308, C Building, NO. 18 Xihuannanlu Street, BDA, Beijing, 100176, China.', 'Minhang Hospital & Department of Biological Medicines at School of Pharmacy, Fudan University, Shanghai 201100, China.', 'Research & Development Department, Beijing Beyond Biotechnology Co., Ltd, Room 308, C Building, NO. 18 Xihuannanlu Street, BDA, Beijing, 100176, China.', 'Research & Development Department, Beijing Beyond Biotechnology Co., Ltd, Room 308, C Building, NO. 18 Xihuannanlu Street, BDA, Beijing, 100176, China.', 'School of Pharmacy and State Key Laboratory of Quality Research in Chinese Medicine, Macau University of Science and Technology, Macau, 999078, China.', 'Minhang Hospital & Department of Biological Medicines at School of Pharmacy, Fudan University, Shanghai 201100, China.', 'School of Pharmacy and State Key Laboratory of Quality Research in Chinese Medicine, Macau University of Science and Technology, Macau, 999078, China.', 'Minhang Hospital & Department of Biological Medicines at School of Pharmacy, Fudan University, Shanghai 201100, China.', 'School of Pharmacy and State Key Laboratory of Quality Research in Chinese Medicine, Macau University of Science and Technology, Macau, 999078, China.', 'Minhang Hospital & Department of Biological Medicines at School of Pharmacy, Fudan University, Shanghai 201100, China.', 'School of Pharmacy and State Key Laboratory of Quality Research in Chinese Medicine, Macau University of Science and Technology, Macau, 999078, China.', 'School of Pharmacy and State Key Laboratory of Quality Research in Chinese Medicine, Macau University of Science and Technology, Macau, 999078, China.', 'Minhang Hospital & Department of Biological Medicines at School of Pharmacy, Fudan University, Shanghai 201100, China.']",Wang S; Hu P; Fan J; Zou J; Hong W; Huang X; Pan D; Chen H; Zhu YZ; Ye L,
38234717,Mapping inherited genetic variation with opposite effects on autoimmune disease and cancer identifies candidate drug targets associated with the anti-tumor immune response.,2023 Dec 28,"['Chen J', 'Epstein MP', 'Schildkraut JM', 'Kar SP']","['Department of Epidemiology, Rollins School of Public Health, Emory University, Atlanta, GA, USA.', 'Department of Human Genetics, School of Medicine, Emory University, Atlanta, GA, USA.', 'Department of Epidemiology, Rollins School of Public Health, Emory University, Atlanta, GA, USA.', 'Early Cancer Institute, Department of Oncology, University of Cambridge, Cambridge, UK.', 'Ovarian Cancer Programme, Cancer Research UK Cambridge Centre, Cambridge, UK.']",Chen J; Epstein MP; Schildkraut JM; Kar SP,
38233090,Unsupervised and supervised AI on molecular dynamics simulations reveals complex characteristics of HLA-A2-peptide immunogenicity.,2023 Nov 22,"['Weber JK', 'Morrone JA', 'Kang SG', 'Zhang L', 'Lang L', 'Chowell D', 'Krishna C', 'Huynh T', 'Parthasarathy P', 'Luan B', 'Alban TJ', 'Cornell WD', 'Chan TA']","['IBM Thomas J. Watson Research Center, Yorktown Heights, NY 10598USA.', 'IBM Thomas J. Watson Research Center, Yorktown Heights, NY 10598USA.', 'IBM Thomas J. Watson Research Center, Yorktown Heights, NY 10598USA.', 'IBM Thomas J. Watson Research Center, Yorktown Heights, NY 10598USA.', 'IBM Thomas J. Watson Research Center, Yorktown Heights, NY 10598USA.', 'Precision Immunology Institute, Icahn School of Medicine at Mount Sinai, New York, NY 10029.', 'Broad Institute of MIT and Harvard, Cambridge, MA 02142, USA.', 'IBM Thomas J. Watson Research Center, Yorktown Heights, NY 10598USA.', 'Center for Immunotherapy and Precision Immuno-Oncology, Cleveland Clinic, Cleveland, OH 44195USA.', 'Lerner Research Institute, Cleveland Clinic, Cleveland, OH 44015USA.', 'IBM Thomas J. Watson Research Center, Yorktown Heights, NY 10598USA.', 'Center for Immunotherapy and Precision Immuno-Oncology, Cleveland Clinic, Cleveland, OH 44195USA.', 'Lerner Research Institute, Cleveland Clinic, Cleveland, OH 44015USA.', 'IBM Thomas J. Watson Research Center, Yorktown Heights, NY 10598USA.', 'Center for Immunotherapy and Precision Immuno-Oncology, Cleveland Clinic, Cleveland, OH 44195USA.', 'Lerner Research Institute, Cleveland Clinic, Cleveland, OH 44015USA.', 'Department of Radiation Oncology, Memorial Sloan Kettering Cancer Center, New York, NY 10065USA.', 'Taussig Cancer Institute, Cleveland Clinic, Cleveland, OH 44015USA.', 'National Center for Regenerative Medicine, Cleveland Clinic, Cleveland, OH 44015USA.']",Weber JK; Morrone JA; Kang SG; Zhang L; Lang L; Chowell D; Krishna C; Huynh T; Parthasarathy P; Luan B; Alban TJ; Cornell WD; Chan TA,
38228962,Immune System Influence on Hematopoietic Stem Cells and Leukemia Development.,2023,['Perry JM'],"[""Children's Mercy Kansas City, Kansas City, MO, USA. jmperry@cmh.edu."", 'University of Kansas Medical Center, Kansas City, KS, USA. jmperry@cmh.edu.', 'University of Missouri Kansas City School of Medicine, Kansas City, MO, USA. jmperry@cmh.edu.']",Perry JM,
38226313,Inflammatory response signature score model for predicting immunotherapy response and pan-cancer prognosis.,2024 Dec,"['Chen S', 'Huang M', 'Zhang L', 'Huang Q', 'Wang Y', 'Liang Y']","['Department of Hematologic Oncology, Sun Yat-sen University Cancer Center, State Key Laboratory of Oncology in South China, Collaborative Innovation Center for Cancer Medicine, Guangdong Provincial Clinical Research Center for Cancer, Guangzhou, Guangdong, China.', 'Department of Thyroid and Breast Surgery, Clinical Research Center, The First Affiliated Hospital of Shantou University Medical College (SUMC), Shantou, Guangdong, China.', 'Department of Pathology, Sun Yat-Sen University Cancer Center, Guangzhou, Guangdong, China.', 'Department of Hematologic Oncology, Sun Yat-sen University Cancer Center, State Key Laboratory of Oncology in South China, Collaborative Innovation Center for Cancer Medicine, Guangdong Provincial Clinical Research Center for Cancer, Guangzhou, Guangdong, China.', 'Department of Hematologic Oncology, Sun Yat-sen University Cancer Center, State Key Laboratory of Oncology in South China, Collaborative Innovation Center for Cancer Medicine, Guangdong Provincial Clinical Research Center for Cancer, Guangzhou, Guangdong, China.', 'Department of Hematologic Oncology, Sun Yat-sen University Cancer Center, State Key Laboratory of Oncology in South China, Collaborative Innovation Center for Cancer Medicine, Guangdong Provincial Clinical Research Center for Cancer, Guangzhou, Guangdong, China.', 'Department of Hematologic Oncology, Sun Yat-sen University Cancer Center, State Key Laboratory of Oncology in South China, Collaborative Innovation Center for Cancer Medicine, Guangdong Provincial Clinical Research Center for Cancer, Guangzhou, Guangdong, China.']",Chen S; Huang M; Zhang L; Huang Q; Wang Y; Liang Y,
38225103,Immune checkpoint biology in health & disease: Immune checkpoint biology and autoimmunity in cancer patients.,2024,"['Van Mol P', 'Donders E', 'Lambrechts D', 'Wauters E']","['VIB - CCB Laboratory of Translational Genetics, KU Leuven, Leuven, Belgium; Pneumology - Respiratory Oncology, University Hospitals Leuven, Leuven, Belgium.', 'VIB - CCB Laboratory of Translational Genetics, KU Leuven, Leuven, Belgium; Pneumology - Respiratory Oncology, University Hospitals Leuven, Leuven, Belgium.', 'VIB - CCB Laboratory of Translational Genetics, KU Leuven, Leuven, Belgium.', 'Pneumology - Respiratory Oncology, University Hospitals Leuven, Leuven, Belgium. Electronic address: els.wauters@uzleuven.be.']",Van Mol P; Donders E; Lambrechts D; Wauters E,
38225102,Immune checkpoints targeting dendritic cells for antibody-based modulation in cancer.,2024,"['Lei X', 'Wang Y', 'Broens C', 'Borst J', 'Xiao Y']","['Department of Immunology and Oncode Institute, Leiden University Medical Center, Leiden, The Netherlands.', 'Department of Immunology and Oncode Institute, Leiden University Medical Center, Leiden, The Netherlands.', 'Department of Immunology and Oncode Institute, Leiden University Medical Center, Leiden, The Netherlands.', 'Department of Immunology and Oncode Institute, Leiden University Medical Center, Leiden, The Netherlands.', 'Department of Immunology and Oncode Institute, Leiden University Medical Center, Leiden, The Netherlands. Electronic address: y.xiao@lumc.nl.']",Lei X; Wang Y; Broens C; Borst J; Xiao Y,
38225101,Next-generation deconvolution of transcriptomic data to investigate the tumor microenvironment.,2024,"['Merotto L', 'Zopoglou M', 'Zackl C', 'Finotello F']","['Universitat Innsbruck, Department of Molecular Biology, Digital Science Center (DiSC), Innsbruck, Austria.', 'Universitat Innsbruck, Department of Molecular Biology, Digital Science Center (DiSC), Innsbruck, Austria.', 'Universitat Innsbruck, Department of Molecular Biology, Digital Science Center (DiSC), Innsbruck, Austria.', 'Universitat Innsbruck, Department of Molecular Biology, Digital Science Center (DiSC), Innsbruck, Austria. Electronic address: francesca.finotello@uibk.ac.at.']",Merotto L; Zopoglou M; Zackl C; Finotello F,
38225100,Novel technologies for applying immune checkpoint blockers.,2024,"['Awad RM', 'Breckpot K']","['Laboratory for Molecular and Cellular Therapy, Department of Biomedical Sciences, Vrije Universiteit Brussel, Brussels, Belgium.', 'Laboratory for Molecular and Cellular Therapy, Department of Biomedical Sciences, Vrije Universiteit Brussel, Brussels, Belgium. Electronic address: karine.breckpot@vub.be.']",Awad RM; Breckpot K,
38223735,The role of intestinal flora on tumor immunotherapy: recent progress and treatment implications.,2024 Jan 15,"['Zhou Y', 'Liu X', 'Gao W', 'Luo X', 'Lv J', 'Wang Y', 'Liu D']","['School of Basic Medical Sciences, Shandong University, Jinan 250011, China.', 'Department of Clinical Laboratory, Shandong Provincial Hospital Affiliated to Shandong University, Jinan 250021, China.', 'Department of Clinical Laboratory, Shandong Provincial Hospital Affiliated to Shandong First Medical University, Jinan 250021, China.', 'School of Basic Medical Sciences, Shandong University, Jinan 250011, China.', 'School of Basic Medical Sciences, Shandong University, Jinan 250011, China.', 'Department of Clinical Laboratory, Shandong Provincial Hospital Affiliated to Shandong University, Jinan 250021, China.', 'Department of Clinical Laboratory, Shandong Provincial Hospital Affiliated to Shandong First Medical University, Jinan 250021, China.', 'Department of Clinical Laboratory, Shandong Provincial Hospital Affiliated to Shandong University, Jinan 250021, China.', 'Department of Clinical Laboratory, Shandong Provincial Hospital Affiliated to Shandong First Medical University, Jinan 250021, China.', 'Department of Clinical Laboratory, Shandong Provincial Hospital Affiliated to Shandong University, Jinan 250021, China.', 'Department of Clinical Laboratory, Shandong Provincial Hospital Affiliated to Shandong First Medical University, Jinan 250021, China.']",Zhou Y; Liu X; Gao W; Luo X; Lv J; Wang Y; Liu D,
38219557,Synthetic studies on the extracellular domain of the T cell immunoreceptor with immunoglobulin and immunoreceptor tyrosine-based inhibitory motif domain (TIGIT) using Trt-K(10) solubilizing tags.,2024 Feb 1,"['Iwamoto N', 'Sasaki J', 'Ohno S', 'Aoki K', 'Usui Y', 'Inuki S', 'Ohno H', 'Oishi S']","['Graduate School of Pharmaceutical Sciences, Kyoto University, Sakyo-ku, Kyoto 606-8501, Japan.', 'Graduate School of Pharmaceutical Sciences, Kyoto University, Sakyo-ku, Kyoto 606-8501, Japan.', 'Laboratory of Medicinal Chemistry, Kyoto Pharmaceutical University, Yamashina-ku, Kyoto 607-8412, Japan.', 'Graduate School of Pharmaceutical Sciences, Kyoto University, Sakyo-ku, Kyoto 606-8501, Japan; Laboratory of Medicinal Chemistry, Kyoto Pharmaceutical University, Yamashina-ku, Kyoto 607-8412, Japan.', 'Graduate School of Pharmaceutical Sciences, Kyoto University, Sakyo-ku, Kyoto 606-8501, Japan.', 'Graduate School of Pharmaceutical Sciences, Kyoto University, Sakyo-ku, Kyoto 606-8501, Japan.', 'Graduate School of Pharmaceutical Sciences, Kyoto University, Sakyo-ku, Kyoto 606-8501, Japan.', 'Graduate School of Pharmaceutical Sciences, Kyoto University, Sakyo-ku, Kyoto 606-8501, Japan; Laboratory of Medicinal Chemistry, Kyoto Pharmaceutical University, Yamashina-ku, Kyoto 607-8412, Japan. Electronic address: soishi@mb.kyoto-phu.ac.jp.']",Iwamoto N; Sasaki J; Ohno S; Aoki K; Usui Y; Inuki S; Ohno H; Oishi S,
